Nom fournisseur,Designation,Concatenation
3D DOCK SAS,Regularisation intervention 02/06/2021,
3D DOCK SAS,Regularisation intervention 14/12/2021,
A&C PROCESS,Inspection refractaires S6/REFRATECHNIK,
A&C PROCESS,Atelier FAC AD - Expertise sur site,
A&C PROCESS,Frais de deplacement et de mission,
A&C PROCESS,Inspection Refratechnik et Gouda,
A&C PROCESS,Inspection Refratechnik&Gouda-Complement,
A&C PROCESS,Audit distance+homologation Mahakoshal,
ABC FLEX,GAINE ABC PUR 14 DN 76 1 x 5 metres,
ABC FLEX,DV22030007 - Gaines de prechauffage +,
ABC FLEX,DV22040027 - Manchettes ventilateur CNG3,
ABC FLEX,baches en TVSIL avec velcro en aramide,
ABC FLEX,DV22040002 - Manchettes RCF CNG1,
ABC FLEX,DV22070013 - Manchette renforcee L10m x,
ABC FLEX,baches en fibre de verre pour test,
ABIOLAB  ASPOSAN,Prelevement/analyse legionnelle 10 douch,
ABIOLAB  ASPOSAN,Prelevement/analyse legionnelle douche F,
ACIES,ACIES 2021 - Prestations CIR,
ACTANCE SELARL,Honoraires 2022 - Actance - Estimatif 2,
ACTANCE SELARL,Honoraires 2022 - Actance - Estimatif 2,
ACTIS,Prestations actis Assistance Social 2022,
ACTIS,Frais de deplacement Actis 2022,
AIR PRODUCTS,8% oxygene/argon B5 ref M-GC-T3-004337,
AIR PRODUCTS,"0,4% oxygene/argon B5 ref M-GC-T3-004338",
AIR PRODUCTS,Cadre Argon BIP/12 /B50 ref  26520,
AIR PRODUCTS,Remplacement 2 Flexibles 3M Type C,
AIR PRODUCTS,Maintenance centrale type M3000,
ALAIN GASTON MICHEL SAILLARD,MAADEN - Prestation Expert estimation,
ALDIANCE,29016527 - Distributeur + electrovanne p,
ALDIANCE,Ensemble distributeur + pilote pour pell,
ALDIANCE,29018786 - Distributeurs pneu Aventics,
ALDIANCE,29024048-US-EMLP+REPERES+BORNE PT+F++++,
ALERYS,Eval candidat technicien pontonnier,
ALERYS,Estimation frais de deplacement,
ALISE,Maintenance SSI 2022 - VISITE 1,
ALISE,Maintenance SSI 2022 - VISITE 2,
ALISE,TRAVAUX ZONE MAINTENANCE SSI 2022,
ALIZENT CANADA INC,Transition support MESAL vers ALIZENT,
ALPHABET FRANCE FLEET MGMT,VOITURE DE FONCTION B. ALLANO,
ALPHABET FRANCE FLEET MGMT,FRAIS DIVERS,
ALPIN CONSULTING,Session back-office hebdomadaire MOZAL,
ALPIN CONSULTING,Session back-office hebdomadaire MOZAL,
ALTROS,Assist. Chef de projet ALPSYS,
ALTROS,Estimation frais liees a la prestation,